iter	MultiRMSE
0	0.01135024255
1	0.01134639652
2	0.01134110109
3	0.01133624935
4	0.01133319817
5	0.01132900911
6	0.01132341416
7	0.01131347895
8	0.01130810999
9	0.01130441103
10	0.0112998983
11	0.01129556058
12	0.01128947054
13	0.0112849757
14	0.01128301478
15	0.01127622398
16	0.01127457112
17	0.0112696455
18	0.01126005529
19	0.01125350192
20	0.01125167343
21	0.01124848245
22	0.01124351053
23	0.01123994298
24	0.01123912539
25	0.0112363699
26	0.01123100476
27	0.01122776985
28	0.01122343839
29	0.01121900367
30	0.01121635922
31	0.01121193324
32	0.01120425011
33	0.01119941071
34	0.01119512273
35	0.01118674175
36	0.01118251234
37	0.01118018974
38	0.01117484465
39	0.01117001841
40	0.01116702115
41	0.01116531839
42	0.01116151073
43	0.01115656594
44	0.01114890654
45	0.01114569937
46	0.01114105538
47	0.01113902803
48	0.01113445378
49	0.01113118843
50	0.0111255829
51	0.01112161302
52	0.01111741359
53	0.01111441685
54	0.01110968709
55	0.01110683754
56	0.01110375755
57	0.01110065024
58	0.01109736523
59	0.01109334203
60	0.01108947446
61	0.01108756126
62	0.01108279471
63	0.01107650119
64	0.01107092784
65	0.01106766148
66	0.01106424465
67	0.01106247497
68	0.01105959625
69	0.01105731466
70	0.01105257688
71	0.01104942387
72	0.01104650362
73	0.01104124223
74	0.01103702169
75	0.01103444887
76	0.01103023589
77	0.01102656684
78	0.01102197278
79	0.01101797715
80	0.01101451691
81	0.01100942157
82	0.0110053449
83	0.01099705665
84	0.01098994745
85	0.01098564294
86	0.01098287938
87	0.01097804788
88	0.01097162591
89	0.0109659467
90	0.01096246987
91	0.01095673565
92	0.01094841667
93	0.01094493375
94	0.01094105604
95	0.01093829317
96	0.01093732829
97	0.01093293359
98	0.01092981138
99	0.01092795147
100	0.01092427962
101	0.01092200931
102	0.01091752411
103	0.01091182403
104	0.01090774765
105	0.01090532421
106	0.01090399168
107	0.01089996933
108	0.01089519103
109	0.01089267977
110	0.01088793227
111	0.01088329818
112	0.0108803991
113	0.01087646205
114	0.01087328346
115	0.01086908461
116	0.01086444701
117	0.01085880421
118	0.01085476766
119	0.01085228049
120	0.0108493335
121	0.0108461889
122	0.01083810894
123	0.01083634838
124	0.01083238694
125	0.01082478364
126	0.01081933242
127	0.01081581959
128	0.01081233537
129	0.01080914108
130	0.01080459187
131	0.01080364608
132	0.01080029867
133	0.01079483467
134	0.01079065294
135	0.0107871509
136	0.01078510228
137	0.01078145337
138	0.01077648546
139	0.01076974286
140	0.01076612364
141	0.01076099296
142	0.01075822012
143	0.01074908214
144	0.01074377824
145	0.01074292725
146	0.01074072151
147	0.01073526471
148	0.01073180548
149	0.01072946223
150	0.01072817982
151	0.01072499593
152	0.01072172265
153	0.01071811274
154	0.01071648185
155	0.01071426283
156	0.01071130454
157	0.01070840687
158	0.01070429479
159	0.01069923266
160	0.01069777502
161	0.01069247759
162	0.01068851445
163	0.01068681949
164	0.01068456484
165	0.0106766269
166	0.01067223226
167	0.01066761099
168	0.01066238279
169	0.01066081271
170	0.01065923712
171	0.01065818682
172	0.01065282018
173	0.0106496792
174	0.01064517635
175	0.01064312006
176	0.0106395817
177	0.01063228129
178	0.0106260005
179	0.01062392578
180	0.01062116116
181	0.01061789344
182	0.01061467218
183	0.01061120683
184	0.0106039719
185	0.01059887334
186	0.01059749662
187	0.01059488454
188	0.0105920491
189	0.01058977731
190	0.01058828619
191	0.0105838259
192	0.01058187912
193	0.01057494517
194	0.01057357523
195	0.01057136677
196	0.01056967445
197	0.01056681107
198	0.01056343718
199	0.01056153141
200	0.01056057137
201	0.01055801022
202	0.01055522375
203	0.01055124068
204	0.0105478415
205	0.01054537405
206	0.01054235176
207	0.010538284
208	0.01053557549
209	0.0105336428
210	0.01053150721
211	0.01052811532
212	0.01052484013
213	0.01052349287
214	0.01052127614
215	0.01051664465
216	0.01051494717
217	0.01050963265
218	0.01050543731
219	0.01050262353
220	0.01049978757
221	0.01049533363
222	0.01049307667
223	0.01048849773
224	0.01048658285
225	0.01048247207
226	0.01047954616
227	0.01047778908
228	0.01047583623
229	0.01047362509
230	0.01047135572
231	0.01046909703
232	0.01046668173
233	0.01046134187
234	0.01045648569
235	0.01045389792
236	0.01045027228
237	0.01044714805
238	0.01044471852
239	0.01044027472
240	0.01043726288
241	0.01043353452
242	0.01042960067
243	0.01042811818
244	0.01042546983
245	0.01042193711
246	0.01041695731
247	0.01041425214
248	0.01041211323
249	0.0104081849
250	0.0104064277
251	0.01040526412
252	0.01040431113
253	0.01040200768
254	0.01039944734
255	0.01039729963
256	0.01039487836
257	0.01039401691
258	0.01039050275
259	0.01038818961
260	0.01038667709
261	0.01038214036
262	0.01038089296
263	0.01037609912
264	0.01037300482
265	0.01037023597
266	0.01036816871
267	0.0103645968
268	0.01036085717
269	0.01035786456
270	0.01035512399
271	0.010351192
272	0.01034450279
273	0.01034225615
274	0.01033911309
275	0.01033628089
276	0.01033140987
277	0.01032730821
278	0.01032274766
279	0.01032045655
280	0.01031601339
281	0.01031441069
282	0.01031335154
283	0.01030993305
284	0.01030817105
285	0.01030050187
286	0.01029844997
287	0.01029365489
288	0.01029204879
289	0.0102893891
290	0.01028797574
291	0.01028321266
292	0.01028057297
293	0.01027750832
294	0.01027701392
295	0.01027462221
296	0.01027110354
297	0.01026517254
298	0.01026291647
299	0.01026062698
300	0.01025715217
301	0.01025410453
302	0.01025215478
303	0.01024976796
304	0.01024703633
305	0.01024373392
306	0.01024210061
307	0.01023934015
308	0.01023787145
309	0.01023607107
310	0.01023456284
311	0.01023239704
312	0.01023064961
313	0.010226438
314	0.01022305859
315	0.01021965991
316	0.01021715134
317	0.01021428668
318	0.01021204194
319	0.01021018508
320	0.01020769359
321	0.01020322883
322	0.01020163905
323	0.01020000949
324	0.01019858542
325	0.01019426476
326	0.01019199452
327	0.01018921938
328	0.01018761866
329	0.01018557841
330	0.01018184535
331	0.01017980769
332	0.01017875729
333	0.01017666775
334	0.01017462931
335	0.01017111088
336	0.01016985709
337	0.01016806938
338	0.01016525823
339	0.01016260786
340	0.01015888617
341	0.01015564635
342	0.01015252086
343	0.01014799563
344	0.01014399118
345	0.01014038547
346	0.0101388654
347	0.01013637122
348	0.01013448584
349	0.01013163433
350	0.01012738315
351	0.01012421461
352	0.01012198208
353	0.01011923251
354	0.01011723936
355	0.01011649442
356	0.01011353292
357	0.01011058582
358	0.0101087723
359	0.01010669931
360	0.01010502142
361	0.01010066653
362	0.01009852169
363	0.01009581755
364	0.01009036366
365	0.0100886362
366	0.01008670461
367	0.0100827431
368	0.01008124234
369	0.01008002289
370	0.01007466662
371	0.01007328169
372	0.01007111197
373	0.01007042007
374	0.01006811348
375	0.01006553217
376	0.01006340185
377	0.01006156269
378	0.01005906737
379	0.01005597178
380	0.01005271147
381	0.01005007678
382	0.01004771151
383	0.01004477699
384	0.01004323703
385	0.01004098918
386	0.01003830576
387	0.01003517644
388	0.01003182417
389	0.01003046091
390	0.0100286528
391	0.01002629372
392	0.01002432676
393	0.01002117859
394	0.01001913617
395	0.01001747147
396	0.01001644709
397	0.01001375053
398	0.01001274629
399	0.0100115241
400	0.01000546394
401	0.01000131455
402	0.01000016283
403	0.009997392134
404	0.009995988785
405	0.009993998565
406	0.009992226686
407	0.009989687205
408	0.009987149338
409	0.009983644517
410	0.009978858607
411	0.00997813626
412	0.009976942483
413	0.009975489273
414	0.009974587676
415	0.009971453684
416	0.009968582741
417	0.009966768335
418	0.00996318711
419	0.00995907385
420	0.009956755854
421	0.009955483787
422	0.009953025048
423	0.00995206005
424	0.009951382504
425	0.00994950003
426	0.009947694536
427	0.009942896219
428	0.00993915961
429	0.009937669356
430	0.009935504203
431	0.009931867363
432	0.009929731395
433	0.009928605388
434	0.009927039523
435	0.009924887149
436	0.009922317477
437	0.009920238367
438	0.009918549712
439	0.009917674309
440	0.009915206862
441	0.009914055174
442	0.009910763418
443	0.009909522412
444	0.009907163262
445	0.009905099142
446	0.0099042748
447	0.009902802817
448	0.00990085619
449	0.009897822163
450	0.0098941896
451	0.009893281514
452	0.009891955923
453	0.009889738187
454	0.009885744042
455	0.009883728162
456	0.009880433374
457	0.009878317813
458	0.009875727007
459	0.009873148287
460	0.009870451627
461	0.009868023184
462	0.009867165204
463	0.009865705002
464	0.009863352477
465	0.009856809247
466	0.009855990717
467	0.009854556711
468	0.009852362099
469	0.009850212376
470	0.009845760381
471	0.00984295402
472	0.009840348626
473	0.00983591198
474	0.009830228436
475	0.009827785201
476	0.009823433985
477	0.009820350366
478	0.009818925547
479	0.009813717999
480	0.009811320681
481	0.00980862367
482	0.009805468093
483	0.00980488882
484	0.009801671129
485	0.009801125326
486	0.009798033126
487	0.009795301976
488	0.00979371585
489	0.009792297481
490	0.009789587396
491	0.009787387956
492	0.009784258401
493	0.009782723698
494	0.009780980766
495	0.009779234594
496	0.009776551466
497	0.009773371634
498	0.009770625854
499	0.009766937292
500	0.009764115874
501	0.009761802246
502	0.009757951807
503	0.009751317165
504	0.009750767951
505	0.009748456059
506	0.009746683688
507	0.009745668251
508	0.009742469168
509	0.009739234548
510	0.009736960134
511	0.009735740378
512	0.009730891112
513	0.009729130471
514	0.009726073422
515	0.009723617624
516	0.009721784839
517	0.009719260283
518	0.009715936141
519	0.009713452026
520	0.009712377856
521	0.009709110589
522	0.009707327369
523	0.009704644731
524	0.009703463047
525	0.009700354663
526	0.009698979889
527	0.00969697476
528	0.009695598747
529	0.009692469944
530	0.009690749457
531	0.009687265544
532	0.009685622779
533	0.009684219834
534	0.009682943997
535	0.009681955293
536	0.009677007572
537	0.009675107814
538	0.009674173218
539	0.009672154487
540	0.009670370919
541	0.009666692667
542	0.009663176209
543	0.009659472854
544	0.009656912585
545	0.009655680771
546	0.009654069412
547	0.009652942241
548	0.009649701851
549	0.009646501739
550	0.009643653727
551	0.009641494984
552	0.009639491602
553	0.00963755959
554	0.009636209095
555	0.009632687402
556	0.009630384819
557	0.009626406972
558	0.009619812964
559	0.009618439851
560	0.00961531855
561	0.009613557139
562	0.00961090216
563	0.009608805404
564	0.009605910067
565	0.009602616941
566	0.009601567253
567	0.009599363668
568	0.009598034183
569	0.009596304835
570	0.009594593444
571	0.009592011007
572	0.009589108932
573	0.009586316482
574	0.009584258599
575	0.009583187168
576	0.00958151465
577	0.009580819049
578	0.0095792209
579	0.009575163814
580	0.009572993947
581	0.009569926349
582	0.009568280345
583	0.009565173519
584	0.009563215866
585	0.009561529792
586	0.009560326596
587	0.009557241686
588	0.009553506531
589	0.009552043861
590	0.009549591339
591	0.009548447522
592	0.009546567886
593	0.009540961373
594	0.009538552252
595	0.009535856621
596	0.009532672142
597	0.009530886878
598	0.009525375723
599	0.009524122548
600	0.009521510306
601	0.009518937267
602	0.00951778521
603	0.009515315053
604	0.009513182273
605	0.00951231951
606	0.009506238168
607	0.009504990592
608	0.009502837999
609	0.009501480938
610	0.009497830691
611	0.009495616582
612	0.009493537366
613	0.009492780509
614	0.009489187131
615	0.00948733913
616	0.009484884355
617	0.009482994933
618	0.009481129703
619	0.009477344428
620	0.009475458959
621	0.009472264825
622	0.009471330674
623	0.00946781553
624	0.009465735547
625	0.009462266558
626	0.009459568194
627	0.009458038507
628	0.009456330649
629	0.00945507882
630	0.009454015123
631	0.009453747021
632	0.009451246444
633	0.009449132348
634	0.009448510906
635	0.009446739667
636	0.009444272997
637	0.00944345685
638	0.009441605546
639	0.009440150152
640	0.009437848043
641	0.009436247127
642	0.009435046883
643	0.009433417042
644	0.009430652729
645	0.009429185945
646	0.00942851798
647	0.009425975677
648	0.009424799558
649	0.00942291157
650	0.009421635907
651	0.00942080584
652	0.009419120879
653	0.009417500616
654	0.00941537283
655	0.009414007065
656	0.009412225667
657	0.009411253484
658	0.009410224272
659	0.009408229897
660	0.009406654818
661	0.009403951811
662	0.009401802733
663	0.009400728138
664	0.009398541636
665	0.009396053534
666	0.009392302581
667	0.00938765004
668	0.009383802804
669	0.009382501183
670	0.009380620033
671	0.009379638084
672	0.009378245357
673	0.009376183067
674	0.009374932129
675	0.009373972708
676	0.009372084873
677	0.009370410087
678	0.009368431663
679	0.009367335109
680	0.009364853288
681	0.009362759228
682	0.009361524165
683	0.009359301898
684	0.009356585104
685	0.009355142764
686	0.009353395043
687	0.009350507918
688	0.009349403748
689	0.009347425347
690	0.009343738591
691	0.009342738099
692	0.009340188656
693	0.009335824542
694	0.009333380418
695	0.00933110911
696	0.009329161737
697	0.009328134103
698	0.009323539062
699	0.009320949302
700	0.009319706612
701	0.009318456532
702	0.009315820992
703	0.009313391055
704	0.009310805575
705	0.009309120243
706	0.009306243608
707	0.009304198225
708	0.009303215684
709	0.009301906964
710	0.009301021382
711	0.009299762413
712	0.009296457261
713	0.009294622846
714	0.00929130347
715	0.009286682396
716	0.009284338356
717	0.009281244322
718	0.009279088529
719	0.009278421963
720	0.009275834258
721	0.009274365095
722	0.009271692818
723	0.009270731546
724	0.009267287154
725	0.009265747077
726	0.009262024038
727	0.009259512601
728	0.00925751424
729	0.009255639611
730	0.009254073023
731	0.009251051792
732	0.009248196194
733	0.00924637988
734	0.009244474638
735	0.009243613035
736	0.009241760954
737	0.009238345546
738	0.00923657329
739	0.009233967047
740	0.009232934806
741	0.009230342786
742	0.009228765052
743	0.009225489072
744	0.009223874716
745	0.009222257109
746	0.009219959907
747	0.009218414006
748	0.00921704701
749	0.009212145067
750	0.009210171192
751	0.009208756115
752	0.009206899809
753	0.009204874037
754	0.009204156191
755	0.009198736864
756	0.009196805834
757	0.009195834523
758	0.00919424393
759	0.009190604431
760	0.009189059726
761	0.009186663073
762	0.009184239812
763	0.009178854634
764	0.009177827653
765	0.009176886733
766	0.009174771433
767	0.009173423862
768	0.009172132996
769	0.009170068978
770	0.009168444454
771	0.009166200071
772	0.009163964586
773	0.00916268525
774	0.009159612352
775	0.00915725128
776	0.009156581218
777	0.009155480674
778	0.009153464906
779	0.009151446849
780	0.009149692266
781	0.009148617295
782	0.009145365079
783	0.009143735336
784	0.009142223719
785	0.009140879654
786	0.009138890001
787	0.009137404793
788	0.009136861145
789	0.009135315474
790	0.009134095378
791	0.009132927656
792	0.009131962675
793	0.009130757536
794	0.009127855319
795	0.009125395308
796	0.009124118923
797	0.009123427308
798	0.009118803216
799	0.009117223207
800	0.009116662942
801	0.009114219082
802	0.009110492883
803	0.00910864212
804	0.009106545921
805	0.009103811704
806	0.009101075828
807	0.009097793631
808	0.009092690984
809	0.009091147353
810	0.009089057147
811	0.009088378968
812	0.009086117733
813	0.009084423059
814	0.009081104782
815	0.009076956096
816	0.009075060681
817	0.009073206147
818	0.009071094651
819	0.009069577874
820	0.009066344206
821	0.009065949961
822	0.009064327521
823	0.009063132617
824	0.009061350857
825	0.009060097954
826	0.009058302231
827	0.009056186663
828	0.00905310923
829	0.009051887914
830	0.009050867998
831	0.009047393302
832	0.009045417109
833	0.009043970037
834	0.009041377733
835	0.009038891751
836	0.009037351103
837	0.009036393131
838	0.009034690489
839	0.009032198552
840	0.009027424198
841	0.009026091566
842	0.009025697302
843	0.009022975311
844	0.009019587282
845	0.009018949917
846	0.009016901001
847	0.009015769822
848	0.009014198541
849	0.009013119276
850	0.009011208649
851	0.009010053136
852	0.009008697507
853	0.009006703796
854	0.009005010343
855	0.009002405004
856	0.009000737687
857	0.009000010541
858	0.008998773553
859	0.008996935104
860	0.008994126488
861	0.008991670759
862	0.008990410343
863	0.008988479214
864	0.0089869481
865	0.008983762024
866	0.008982322037
867	0.008980549168
868	0.008979866952
869	0.008973718653
870	0.008971599519
871	0.008970539283
872	0.008968822437
873	0.00896685405
874	0.00896515085
875	0.008962712633
876	0.008960719778
877	0.00895852697
878	0.008956095995
879	0.008954138802
880	0.008953277205
881	0.008951772027
882	0.008948789057
883	0.008947390472
884	0.008945580243
885	0.008940424069
886	0.00893800731
887	0.00893637147
888	0.00893502111
889	0.008933834019
890	0.008932187789
891	0.008930781347
892	0.008929941566
893	0.008929336472
894	0.008928062077
895	0.008925153609
896	0.00892326767
897	0.008922167246
898	0.008917660546
899	0.008915753664
900	0.008914605285
901	0.008912319006
902	0.008910606957
903	0.008908279522
904	0.008906547298
905	0.008906185047
906	0.00890395782
907	0.0089034502
908	0.008901970571
909	0.008899150565
910	0.008897550816
911	0.008894840692
912	0.008892729517
913	0.008888196396
914	0.00888723512
915	0.008884355104
916	0.008882247382
917	0.008878596435
918	0.008878035731
919	0.008875122532
920	0.008872719871
921	0.008870636213
922	0.008868842025
923	0.008867425435
924	0.008865930375
925	0.008864166283
926	0.008861370297
927	0.00886061037
928	0.008859021582
929	0.008857121332
930	0.008855007553
931	0.008852945836
932	0.008850491099
933	0.00884924872
934	0.00884620189
935	0.008844844584
936	0.008842507759
937	0.008840968644
938	0.008839727563
939	0.008838720889
940	0.008836129929
941	0.008834938205
942	0.008833584676
943	0.008832787793
944	0.008831327435
945	0.008829626421
946	0.008828086685
947	0.00882625861
948	0.008824711848
949	0.008823628087
950	0.008820885056
951	0.00881873001
952	0.008817881434
953	0.008816706397
954	0.008815880897
955	0.00881461097
956	0.008812934027
957	0.008810335221
958	0.008806735549
959	0.008804731519
960	0.008803257201
961	0.008802170777
962	0.008800253324
963	0.008798248588
964	0.008796011544
965	0.008793399042
966	0.008791737527
967	0.008790112908
968	0.008788476962
969	0.008786437057
970	0.008785033141
971	0.008781760538
972	0.008780630491
973	0.008778710881
974	0.008777485908
975	0.008775443879
976	0.008774359369
977	0.008772930335
978	0.008767552798
979	0.008766205822
980	0.008764064245
981	0.008762528221
982	0.008759684665
983	0.008757673729
984	0.008753888648
985	0.008753044054
986	0.008751800355
987	0.008747956858
988	0.008746127103
989	0.00874387752
990	0.008742434396
991	0.008739063714
992	0.008736751126
993	0.008735555776
994	0.008735003705
995	0.008734316678
996	0.008732940033
997	0.008730938978
998	0.008728887603
999	0.008725978805
1000	0.008724170743
1001	0.008723431159
1002	0.008721847337
1003	0.008720264491
1004	0.008719400793
1005	0.00871841739
1006	0.008716188689
1007	0.008712297765
1008	0.008710541741
1009	0.00870928311
1010	0.008705502831
1011	0.008703609393
1012	0.008701189072
1013	0.008700464662
1014	0.00869730774
1015	0.008694782218
1016	0.008692602869
1017	0.008691223041
1018	0.008689847402
1019	0.008688026485
1020	0.008686443033
1021	0.008684465746
1022	0.008682891568
1023	0.008681861885
1024	0.00868154728
1025	0.008680073809
1026	0.008678684321
1027	0.008676296114
1028	0.008675353387
1029	0.008674005316
1030	0.00867239906
1031	0.008669451845
1032	0.008668542517
1033	0.008666741469
1034	0.008665114787
1035	0.0086620916
1036	0.008659823694
1037	0.008656413413
1038	0.00865476786
1039	0.008652516639
1040	0.008649967066
1041	0.008646663492
1042	0.008644407038
1043	0.008643199453
1044	0.008639734097
1045	0.008638878522
1046	0.008635490372
1047	0.008633768761
1048	0.008631735903
1049	0.008630044049
1050	0.008629270846
1051	0.008627481072
1052	0.008625555176
1053	0.008624902096
1054	0.00862313737
1055	0.008622227137
1056	0.008619987753
1057	0.008617885515
1058	0.008617516255
1059	0.008615763896
1060	0.008614049607
1061	0.008611296648
1062	0.008606925689
1063	0.008605635277
1064	0.008604662735
1065	0.008603413612
1066	0.008602137809
1067	0.008601401795
1068	0.008599633921
1069	0.008597375294
1070	0.008595952593
1071	0.008594935084
1072	0.008591686203
1073	0.008589140799
1074	0.008587863886
1075	0.008587127811
1076	0.008585155736
1077	0.00858403696
1078	0.008582571297
1079	0.008580933208
1080	0.0085798355
1081	0.008579159329
1082	0.008577317649
1083	0.00857310023
1084	0.008571886194
1085	0.008570836357
1086	0.008567480404
1087	0.008566362958
1088	0.008564060128
1089	0.008560504403
1090	0.008558754206
1091	0.008557772963
1092	0.008555225197
1093	0.008553891662
1094	0.008551711995
1095	0.008550621452
1096	0.008549053522
1097	0.008548117404
1098	0.008546214043
1099	0.008545526731
1100	0.008543922435
1101	0.008542160833
1102	0.008540249592
1103	0.00853848221
1104	0.008536650651
1105	0.008534247518
1106	0.00853378024
1107	0.008531759944
1108	0.008530224837
1109	0.008528955855
1110	0.00852806045
1111	0.008526384143
1112	0.008522580027
1113	0.008521670977
1114	0.008519480996
1115	0.008517838704
1116	0.008515415771
1117	0.008514503827
1118	0.008514113954
1119	0.008510786152
1120	0.008509222373
1121	0.008505687942
1122	0.008503442223
1123	0.008500212484
1124	0.008497948166
1125	0.008497146871
1126	0.008495104285
1127	0.008493310601
1128	0.008492428581
1129	0.008490456003
1130	0.00848909054
1131	0.008487647409
1132	0.008485756988
1133	0.008484735865
1134	0.008483375876
1135	0.008479402144
1136	0.008476654773
1137	0.008474626966
1138	0.008473718921
1139	0.008472598595
1140	0.008471701141
1141	0.008466874927
1142	0.008465956844
1143	0.008464517127
1144	0.008463159212
1145	0.008461822637
1146	0.008459258902
1147	0.008455320773
1148	0.008454708559
1149	0.00845403954
1150	0.008452899006
1151	0.00845055312
1152	0.008448646665
1153	0.008446979618
1154	0.008445221195
1155	0.008444727224
1156	0.008443871128
1157	0.008443375815
1158	0.008442087884
1159	0.00844053128
1160	0.008439337416
1161	0.008437399027
1162	0.008436767657
1163	0.008435804051
1164	0.008434790145
1165	0.008433701255
1166	0.008433459208
1167	0.008432420473
1168	0.008431073584
1169	0.008430060121
1170	0.008428621539
1171	0.008427430231
1172	0.008426030402
1173	0.008423374365
1174	0.008418314143
1175	0.00841621967
1176	0.008414537805
1177	0.008412501363
1178	0.008411513601
1179	0.008409997523
1180	0.008408444721
1181	0.008406204144
1182	0.008403806162
1183	0.008402346207
1184	0.00840053808
1185	0.00839812589
1186	0.008392579502
1187	0.008390408778
1188	0.008386184058
1189	0.008383385728
1190	0.00838265631
1191	0.008381074295
1192	0.008380120409
1193	0.008379647126
1194	0.008377550631
1195	0.008374618599
1196	0.008372412642
1197	0.008371088135
1198	0.008370561876
1199	0.008367986778
1200	0.008366632226
1201	0.008365173531
1202	0.008364356814
1203	0.008362464598
1204	0.00836046316
1205	0.00835862005
1206	0.008356534871
1207	0.00835435238
1208	0.008353201995
1209	0.008351266343
1210	0.008350122735
1211	0.008347432603
1212	0.008346063431
1213	0.008344982561
1214	0.008343338725
1215	0.008341832899
1216	0.008341021938
1217	0.008339065255
1218	0.008336790702
1219	0.008335017615
1220	0.008333876925
1221	0.008332527725
1222	0.008329948801
1223	0.00832784004
1224	0.008326560316
1225	0.00832539197
1226	0.008324277502
1227	0.008319211153
1228	0.008318680798
1229	0.0083139131
1230	0.008312783832
1231	0.008307177619
1232	0.008305789488
1233	0.008304029143
1234	0.008299805325
1235	0.008298248204
1236	0.00829630385
1237	0.008293375823
1238	0.008291760531
1239	0.008289171621
1240	0.008288472473
1241	0.008288041006
1242	0.008286759172
1243	0.008285162071
1244	0.008284107298
1245	0.008282570492
1246	0.008282272024
1247	0.008281539244
1248	0.008280019411
1249	0.00827815132
1250	0.008276407736
1251	0.008275596496
1252	0.008273131939
1253	0.00826952716
1254	0.008266897909
1255	0.008264702623
1256	0.00826375183
1257	0.00826231228
1258	0.008260845077
1259	0.008257231834
1260	0.008256234245
1261	0.008254439627
1262	0.008253707796
1263	0.008251211222
1264	0.008248564193
1265	0.008247797018
1266	0.008247192988
1267	0.008246550388
1268	0.008244051673
1269	0.008243553765
1270	0.008242076893
1271	0.008240813463
1272	0.00823984993
1273	0.00823896814
1274	0.008237024849
1275	0.008236589159
1276	0.008235276439
1277	0.008234869909
1278	0.008232878495
1279	0.008231469384
1280	0.008229926685
1281	0.008228118963
1282	0.0082271468
1283	0.008225642429
1284	0.008224506428
1285	0.008223683912
1286	0.008221794591
1287	0.008220170438
1288	0.008214280047
1289	0.008212672459
1290	0.008211549666
1291	0.008210219563
1292	0.008209413928
1293	0.008208316266
1294	0.008207374604
1295	0.008206569815
1296	0.008205427113
1297	0.008204589036
1298	0.008203240679
1299	0.008202686078
1300	0.008201572252
1301	0.008199219057
1302	0.008198766409
1303	0.008197079389
1304	0.008195357819
1305	0.008192795585
1306	0.008191196223
1307	0.008187320469
1308	0.008185193333
1309	0.008184317047
1310	0.008183461514
1311	0.008181944597
1312	0.00818091981
1313	0.00817692929
1314	0.008172835176
1315	0.008171409323
1316	0.008170119955
1317	0.00816841526
1318	0.008164362622
1319	0.008160975608
1320	0.008158399241
1321	0.008156555175
1322	0.008155414626
1323	0.008151748638
1324	0.008150484699
1325	0.008149513013
1326	0.008148729196
1327	0.008147608588
1328	0.008146682576
1329	0.00814522528
1330	0.008144695282
1331	0.008141187874
1332	0.008140414269
1333	0.008136349011
1334	0.008135124765
1335	0.008132683528
1336	0.00813153395
1337	0.008129530511
1338	0.008128614805
1339	0.008126694764
1340	0.008125580814
1341	0.008124580408
1342	0.008123338548
1343	0.00812236725
1344	0.00811958818
1345	0.008118455723
1346	0.008116875892
1347	0.008116041308
1348	0.008114948883
1349	0.00811312715
1350	0.008112281507
1351	0.008111114763
1352	0.008109731792
1353	0.008105204281
1354	0.008102581326
1355	0.008101777934
1356	0.008101013521
1357	0.008099242103
1358	0.008097659207
1359	0.008097036024
1360	0.008095787371
1361	0.008094758252
1362	0.008092673464
1363	0.008090997007
1364	0.008087758105
1365	0.00808707966
1366	0.008085577841
1367	0.008084461671
1368	0.008083473986
1369	0.008081411692
1370	0.008080084352
1371	0.008079176021
1372	0.008078270251
1373	0.008077415782
1374	0.00807539557
1375	0.008074364483
1376	0.008072742952
1377	0.008070783363
1378	0.008068925653
1379	0.008065484452
1380	0.008064478392
1381	0.008062472384
1382	0.008061128581
1383	0.008060182402
1384	0.00805601279
1385	0.008054798249
1386	0.00805375118
1387	0.008052763465
1388	0.008047963903
1389	0.008046814885
1390	0.008045414276
1391	0.008044840304
1392	0.008043766315
1393	0.0080428398
1394	0.008041645539
1395	0.008040074967
1396	0.008037618978
1397	0.008033650328
1398	0.008033405691
1399	0.008032668032
1400	0.008031632072
1401	0.008030774544
1402	0.008029718271
1403	0.008028621327
1404	0.008027842412
1405	0.008027142652
1406	0.008026025867
1407	0.00802544128
1408	0.008023891534
1409	0.008021505881
1410	0.008018926692
1411	0.008017156966
1412	0.008016561727
1413	0.008016245409
1414	0.00801523161
1415	0.008014521132
1416	0.008010662598
1417	0.008009680866
1418	0.008006770826
1419	0.008006042909
1420	0.008004024788
1421	0.00800285968
1422	0.008001440525
1423	0.008000992494
1424	0.007999788068
1425	0.007996624956
1426	0.007995898331
1427	0.00799483289
1428	0.007993209311
1429	0.007992592967
1430	0.007991669948
1431	0.007990922501
1432	0.007989545943
1433	0.007988356971
1434	0.007986795892
1435	0.007985781889
1436	0.00798524783
1437	0.007984376383
1438	0.007980486465
1439	0.007979448841
1440	0.007978847277
1441	0.007976781689
1442	0.007976328404
1443	0.007975180494
1444	0.007972825146
1445	0.007972216722
1446	0.007971261795
1447	0.007970749595
1448	0.007969389926
1449	0.007967140255
1450	0.007965747616
1451	0.007964114294
1452	0.007962760119
1453	0.007959912824
1454	0.007958913198
1455	0.007957295101
1456	0.007956633274
1457	0.007955902115
1458	0.007954605144
1459	0.007953428821
1460	0.007953138006
1461	0.00795177648
1462	0.007950916484
1463	0.007949043519
1464	0.00794768077
1465	0.007945092732
1466	0.007942998284
1467	0.007941817916
1468	0.007940901845
1469	0.007939768086
1470	0.007936510665
1471	0.007934845079
1472	0.007932076011
1473	0.00793024738
1474	0.007926269928
1475	0.007924660527
1476	0.007923535106
1477	0.007921866197
1478	0.00792040613
1479	0.007918549841
1480	0.007916490993
1481	0.007915905039
1482	0.007913770946
1483	0.007913289784
1484	0.00791227273
1485	0.007910862204
1486	0.007909557528
1487	0.007908799285
1488	0.007907525252
1489	0.007906001245
1490	0.007905443498
1491	0.00790437029
1492	0.007902459615
1493	0.007901648207
1494	0.007899815798
1495	0.007897621935
1496	0.007896958588
1497	0.007896140853
1498	0.00789405566
1499	0.007893117763
1500	0.007890868697
1501	0.007890226881
1502	0.007889043049
1503	0.007887984698
1504	0.007886316973
1505	0.00788539209
1506	0.007884574837
1507	0.007881741928
1508	0.00788109816
1509	0.007879798438
1510	0.007878378396
1511	0.007877811592
1512	0.007876581123
1513	0.007875180594
1514	0.007874306119
1515	0.00787335175
1516	0.007871675983
1517	0.007870817748
1518	0.007869627741
1519	0.007868839577
1520	0.007867757618
1521	0.007866330981
1522	0.007865908427
1523	0.007864864074
1524	0.007863308945
1525	0.007860583487
1526	0.007860029281
1527	0.007859131658
1528	0.007858242101
1529	0.007855769172
1530	0.007853272803
1531	0.007850502494
1532	0.007849024574
1533	0.007848525212
1534	0.007846220288
1535	0.007842918331
1536	0.007842216208
1537	0.007840835643
1538	0.007839290038
1539	0.007838587371
1540	0.00783724152
1541	0.007835954622
1542	0.007834877011
1543	0.007834209153
1544	0.007833045553
1545	0.007831538588
1546	0.00783104415
1547	0.007830006349
1548	0.007829604243
1549	0.007828388317
1550	0.007826999348
1551	0.007825398354
1552	0.007822731081
1553	0.007821954613
1554	0.007821284397
1555	0.007820464346
1556	0.007819699371
1557	0.00781833377
1558	0.007815774284
1559	0.007814970231
1560	0.007812927748
1561	0.007811603106
1562	0.007809683454
1563	0.007808668706
1564	0.007805391838
1565	0.007803217884
1566	0.007802104926
1567	0.007799868461
1568	0.007798959114
1569	0.007797601649
1570	0.007796786587
1571	0.007794581774
1572	0.007793333124
1573	0.007792268681
1574	0.007790806329
1575	0.007790085731
1576	0.007789325318
1577	0.0077889709
1578	0.007786935684
1579	0.007785406537
1580	0.007782364813
1581	0.00778219993
1582	0.007781026746
1583	0.007779704868
1584	0.007777439506
1585	0.007776381218
1586	0.007775497683
1587	0.007774462407
1588	0.007771747019
1589	0.007770792933
1590	0.007770061802
1591	0.007769231301
1592	0.007766471152
1593	0.007764768522
1594	0.007764089092
1595	0.007762307287
1596	0.007761055413
1597	0.007759539848
1598	0.007757911992
1599	0.007756816387
1600	0.007756421107
1601	0.007755718174
1602	0.00775486897
1603	0.007753184864
1604	0.007752087366
1605	0.007751305493
1606	0.007750742522
1607	0.007749918205
1608	0.007748756986
1609	0.007748178996
1610	0.007747116988
1611	0.007745521464
1612	0.007743004577
1613	0.007739395671
1614	0.007738544962
1615	0.00773793416
1616	0.00773719415
1617	0.007734427024
1618	0.00773380916
1619	0.007731270859
1620	0.007730436543
1621	0.007729264869
1622	0.007728120844
1623	0.007726711797
1624	0.007725543263
1625	0.007723980385
1626	0.007721893318
1627	0.007721060115
1628	0.007719661334
1629	0.007718003479
1630	0.007717293291
1631	0.007715126241
1632	0.007714459145
1633	0.007713194408
1634	0.007711377761
1635	0.007709682852
1636	0.007708490815
1637	0.007705429357
1638	0.00770456499
1639	0.007703662748
1640	0.007702577585
1641	0.00770121849
1642	0.007700399043
1643	0.007698555181
1644	0.007696607226
1645	0.007694244148
1646	0.007693848493
1647	0.007693057548
1648	0.007691807639
1649	0.007690644261
1650	0.007689754633
1651	0.007689042769
1652	0.007688647948
1653	0.00768797531
1654	0.007686978099
1655	0.007686208414
1656	0.00768445214
1657	0.0076836779
1658	0.007681073329
1659	0.007678992761
1660	0.007677412162
1661	0.007676539797
1662	0.007675544043
1663	0.007673694904
1664	0.0076709959
1665	0.007670217498
1666	0.007669335175
1667	0.007668567439
1668	0.007667579475
1669	0.007666526557
1670	0.007664788828
1671	0.007664246673
1672	0.007663587292
1673	0.007662739663
1674	0.007661854634
1675	0.007660140928
1676	0.007659423802
1677	0.007657430604
1678	0.007656646347
1679	0.007655546061
1680	0.007654047589
1681	0.007652777204
1682	0.007649503006
1683	0.007649164264
1684	0.007647679666
1685	0.007646006662
1686	0.007645264907
1687	0.00764463887
1688	0.007644116409
1689	0.007643251886
1690	0.007639775142
1691	0.007638956
1692	0.00763805381
1693	0.007637298049
1694	0.007636674593
1695	0.007635315839
1696	0.007633472768
1697	0.00763198227
1698	0.007631401535
1699	0.007630547059
1700	0.007628531661
1701	0.007627253119
1702	0.007626640454
1703	0.007625962765
1704	0.007625212498
1705	0.007624845407
1706	0.007620835897
1707	0.007619919847
1708	0.00761858836
1709	0.007617598316
1710	0.007616659127
1711	0.007615610402
1712	0.007614078836
1713	0.007613609532
1714	0.007612606488
1715	0.007611506737
1716	0.007610411426
1717	0.007609590341
1718	0.007607450417
1719	0.007606354691
1720	0.007605544637
1721	0.007602832117
1722	0.007600978013
1723	0.007598957925
1724	0.007598268615
1725	0.007595988442
1726	0.007593842707
1727	0.007592212202
1728	0.00759158883
1729	0.007590248362
1730	0.007589029271
1731	0.007587769935
1732	0.007587257485
1733	0.00758607969
1734	0.007585054201
1735	0.007584292634
1736	0.007583241015
1737	0.007582038657
1738	0.007581061965
1739	0.00757946566
1740	0.007577578291
1741	0.007574842569
1742	0.007572616556
1743	0.007571632101
1744	0.007570324404
1745	0.00756930521
1746	0.007568422385
1747	0.007567993366
1748	0.007566978229
1749	0.007564658441
1750	0.007562706281
1751	0.007559535965
1752	0.007558876176
1753	0.007558177834
1754	0.007555678999
1755	0.007554179954
1756	0.007552499316
1757	0.007551473188
1758	0.007550700412
1759	0.007549951261
1760	0.007548899667
1761	0.007547660684
1762	0.007546403127
1763	0.007545266869
1764	0.007543220049
1765	0.00754220872
1766	0.007540900288
1767	0.007539920344
1768	0.00753888388
1769	0.00753729371
1770	0.007536233614
1771	0.007535374371
1772	0.007533502375
1773	0.007532302568
1774	0.007528877485
1775	0.007528390286
1776	0.007527448539
1777	0.007526149443
1778	0.007525192027
1779	0.007524728872
1780	0.007523680952
1781	0.007523338312
1782	0.007520285284
1783	0.007519228053
1784	0.007517146947
1785	0.00751644218
1786	0.007516086521
1787	0.007515767787
1788	0.007514828525
1789	0.007513385908
1790	0.007512850765
1791	0.007512410352
1792	0.007511366858
1793	0.007510469414
1794	0.00750986671
1795	0.007509541064
1796	0.007507166712
1797	0.007506484583
1798	0.007505676392
1799	0.007501359454
1800	0.007500597347
1801	0.007499666776
1802	0.007498969381
1803	0.007497249217
1804	0.007496646952
1805	0.007495551241
1806	0.007495055081
1807	0.007490982111
1808	0.007489433529
1809	0.007488638794
1810	0.007487433427
1811	0.007486238055
1812	0.007484690906
1813	0.007484093392
1814	0.007483564709
1815	0.007481132167
1816	0.007480314672
1817	0.007477214634
1818	0.007476900131
1819	0.007476219758
1820	0.007474730056
1821	0.007473772682
1822	0.007472470448
1823	0.007471339846
1824	0.007469581286
1825	0.007465565463
1826	0.007465021925
1827	0.007462706636
1828	0.007459366981
1829	0.007458975086
1830	0.007458295614
1831	0.007456665037
1832	0.00745578494
1833	0.007454943318
1834	0.007453771094
1835	0.007452985274
1836	0.007452092232
1837	0.007449661294
1838	0.007448049862
1839	0.007447080465
1840	0.007444679678
1841	0.007443693373
1842	0.007442586588
1843	0.007439855135
1844	0.007438857516
1845	0.007437736995
1846	0.007436920768
1847	0.007435764418
1848	0.007435042342
1849	0.007434409567
1850	0.007433467854
1851	0.007432764887
1852	0.007431846199
1853	0.007431448699
1854	0.007430765015
1855	0.007428005446
1856	0.007427294551
1857	0.007425299794
1858	0.007424236863
1859	0.007422246363
1860	0.007421301095
1861	0.00741848922
1862	0.007416637374
1863	0.007413882052
1864	0.007412009618
1865	0.007410906426
1866	0.0074097551
1867	0.007409233368
1868	0.007408919953
1869	0.007408743662
1870	0.007407370915
1871	0.007404595032
1872	0.007401255015
1873	0.007400345542
1874	0.007398315048
1875	0.007397430727
1876	0.007396281283
1877	0.007394998776
1878	0.00739264729
1879	0.00739173851
1880	0.007389626633
1881	0.007389326656
1882	0.00738888001
1883	0.0073879722
1884	0.00738719559
1885	0.007386482942
1886	0.007386026791
1887	0.007384832909
1888	0.007383784459
1889	0.007382660531
1890	0.00738129702
1891	0.007378411069
1892	0.007375757225
1893	0.007375259616
1894	0.007374837815
1895	0.007374175568
1896	0.007373211102
1897	0.007372271802
1898	0.007371618984
1899	0.007370964695
1900	0.007370007118
1901	0.007369241192
1902	0.007366830027
1903	0.007366030292
1904	0.00736567049
1905	0.007364328331
1906	0.007363148935
1907	0.00736153814
1908	0.007358564721
1909	0.007356766154
1910	0.00735612715
1911	0.007354481421
1912	0.007352693058
1913	0.007352298302
1914	0.007350108283
1915	0.007349507602
1916	0.007348244782
1917	0.007348074136
1918	0.007345701555
1919	0.007344570341
1920	0.007344253968
1921	0.007341446275
1922	0.007340587982
1923	0.007339907041
1924	0.007339547903
1925	0.00733818523
1926	0.007336124008
1927	0.007335631907
1928	0.007333181776
1929	0.007332187467
1930	0.007331578863
1931	0.007330145869
1932	0.007328763078
1933	0.007327376124
1934	0.007326324633
1935	0.007325425261
1936	0.007325241631
1937	0.007323570145
1938	0.007322923917
1939	0.007321785386
1940	0.007320814271
1941	0.007320140104
1942	0.00731802941
1943	0.007317208867
1944	0.007316363835
1945	0.00731519713
1946	0.007312686541
1947	0.007311951497
1948	0.007310571514
1949	0.007309268669
1950	0.007307664314
1951	0.007304417562
1952	0.007303792697
1953	0.007303148241
1954	0.007302208602
1955	0.007300977623
1956	0.00730005732
1957	0.007298172136
1958	0.007296350326
1959	0.007296037531
1960	0.007295021534
1961	0.007293928107
1962	0.007292023242
1963	0.00729119384
1964	0.007288213808
1965	0.007287730631
1966	0.007285967357
1967	0.00728566789
1968	0.007285488217
1969	0.007284689249
1970	0.007283569481
1971	0.007280698428
1972	0.007279623199
1973	0.007277783458
1974	0.007276902036
1975	0.007275965769
1976	0.007273939838
1977	0.007273559653
1978	0.00727299505
1979	0.007272167984
1980	0.007270796934
1981	0.007269856148
1982	0.007267003866
1983	0.007266411631
1984	0.007263529252
1985	0.007260649508
1986	0.007258959392
1987	0.007257698579
1988	0.007256755681
1989	0.007255304472
1990	0.007254436924
1991	0.007252638438
1992	0.007251670666
1993	0.007250633207
1994	0.007250038013
1995	0.007249531982
1996	0.007248878827
1997	0.007248343298
1998	0.007247622824
1999	0.00724630292
2000	0.007245886401
2001	0.007243618258
2002	0.007242554128
2003	0.007241648652
2004	0.007240112544
2005	0.007239559006
2006	0.007237405207
2007	0.007232758466
2008	0.007231910745
2009	0.00723031858
2010	0.007227226821
2011	0.007226266127
2012	0.007225104618
2013	0.007223958662
2014	0.007223614947
2015	0.007222720101
2016	0.007220815117
2017	0.00722020362
2018	0.007217975217
2019	0.007217327794
2020	0.007216046686
2021	0.007212369729
2022	0.007210021427
2023	0.007209602463
2024	0.007207825242
2025	0.007206256182
2026	0.007205765446
2027	0.007204074653
2028	0.007202531017
2029	0.007200647518
2030	0.007199729282
2031	0.007198280317
2032	0.007197174458
2033	0.007196700175
2034	0.007196180378
2035	0.007195208219
2036	0.007194575457
2037	0.007193963106
2038	0.007192510617
2039	0.007191710205
2040	0.007191107666
2041	0.007188413428
2042	0.007187234745
2043	0.007186245941
2044	0.007185862384
2045	0.007185052158
2046	0.007184110747
2047	0.00718313799
2048	0.007182714156
2049	0.007180261645
2050	0.007177050781
2051	0.007174900681
2052	0.007171292162
2053	0.0071693876
2054	0.007168553421
2055	0.00716813641
2056	0.007165783858
2057	0.007164001743
2058	0.007162949769
2059	0.007161544723
2060	0.007160606716
2061	0.007158708154
2062	0.007157606694
2063	0.007157032234
2064	0.007154649043
2065	0.007153120145
2066	0.007152803144
2067	0.007151947138
2068	0.007151377237
2069	0.007149926656
2070	0.007149405317
2071	0.007148986071
2072	0.007146949159
2073	0.007145887002
2074	0.007144651596
2075	0.007142917537
2076	0.00714224031
2077	0.007141576842
2078	0.007141276404
2079	0.007140506406
2080	0.007140173011
2081	0.007138647608
2082	0.00713800987
2083	0.007137377399
2084	0.007136431517
2085	0.007135928401
2086	0.007135612322
2087	0.007133456615
2088	0.007129857733
2089	0.007129327915
2090	0.007128850839
2091	0.007128376883
2092	0.00712794448
2093	0.007127221211
2094	0.007123420755
2095	0.007122668554
2096	0.007121635998
2097	0.00712020469
2098	0.007118964689
2099	0.007118513181
2100	0.007117296098
2101	0.007116719172
2102	0.007115906085
2103	0.007114961437
2104	0.007114387339
2105	0.007113777664
2106	0.007112657785
2107	0.007111720033
2108	0.007110539334
2109	0.007109881184
2110	0.007108916733
2111	0.00710792955
2112	0.007106335716
2113	0.00710600286
2114	0.007104683746
2115	0.007104128317
2116	0.007103588804
2117	0.007101827108
2118	0.00709937146
2119	0.007097376074
2120	0.007096065829
2121	0.007094105627
2122	0.007092395188
2123	0.007091585007
2124	0.00709033911
2125	0.007088720351
2126	0.007088056042
2127	0.00708703531
2128	0.007086398044
2129	0.007085535824
2130	0.007084463996
2131	0.007083330646
2132	0.007082394064
2133	0.00708078936
2134	0.007080586024
2135	0.007080061228
2136	0.007077595695
2137	0.007075077608
2138	0.007074020771
2139	0.007073180097
2140	0.007072367905
2141	0.007070344501
2142	0.007066942724
2143	0.007066620744
2144	0.00706585502
2145	0.007065114521
2146	0.007063314073
2147	0.007060765783
2148	0.007060054517
2149	0.007059597652
2150	0.007058209682
2151	0.007056762158
2152	0.007053751746
2153	0.00705305259
2154	0.007052337711
2155	0.007050860316
2156	0.00704992751
2157	0.007049389629
2158	0.007048723151
2159	0.007047622476
2160	0.00704729463
2161	0.007046624595
2162	0.007043945152
2163	0.007043462029
2164	0.007042417526
2165	0.007041486408
2166	0.007041037972
2167	0.007038190385
2168	0.007037816538
2169	0.007036662828
2170	0.007035730733
2171	0.007034651049
2172	0.007031669414
2173	0.007028852067
2174	0.00702788716
2175	0.007027148554
2176	0.007025904115
2177	0.007025407332
2178	0.007022991741
2179	0.007022093255
2180	0.007021400145
2181	0.007020585045
2182	0.007019490524
2183	0.007018981441
2184	0.007018549108
2185	0.007017928241
2186	0.007017539257
2187	0.007016320819
2188	0.007015411617
2189	0.007014190468
2190	0.007012673932
2191	0.0070123108
2192	0.007011098873
2193	0.007010135637
2194	0.00700915406
2195	0.007006703359
2196	0.00700556438
2197	0.00700488559
2198	0.0070041951
2199	0.007004023359
2200	0.007002686196
2201	0.007002411679
2202	0.006999985316
2203	0.006999214587
2204	0.006997989242
2205	0.006996652067
2206	0.006996241762
2207	0.006995290765
2208	0.006994564068
2209	0.006993617549
2210	0.006992528068
2211	0.006990858166
2212	0.006989693535
2213	0.00698945312
2214	0.006988218849
2215	0.006986918419
2216	0.006985332343
2217	0.006984892415
2218	0.006983127274
2219	0.006979205927
2220	0.006978587027
2221	0.006977999435
2222	0.006977227896
2223	0.006976060221
2224	0.006975568023
2225	0.006974807678
2226	0.006973856672
2227	0.006972498308
2228	0.006970356489
2229	0.006968941087
2230	0.006967700329
2231	0.006966618863
2232	0.006966281005
2233	0.006965186169
2234	0.006964512061
2235	0.00696402861
2236	0.006961426743
2237	0.006960504397
2238	0.006960247167
2239	0.006959064928
2240	0.006958861075
2241	0.006957703308
2242	0.006956234387
2243	0.006955682165
2244	0.006954160152
2245	0.006952319738
2246	0.006951742259
2247	0.00695099596
2248	0.006950411366
2249	0.006949641444
2250	0.006948141461
2251	0.006947217181
2252	0.00694537468
2253	0.006944291312
2254	0.0069422858
2255	0.006939437236
2256	0.006937046952
2257	0.006936393078
2258	0.006934374665
2259	0.006933250462
2260	0.006932169781
2261	0.006931772808
2262	0.006930678913
2263	0.006930137389
2264	0.006929392671
2265	0.006926378617
2266	0.006925523426
2267	0.006923011141
2268	0.006922058888
2269	0.006921130022
2270	0.006918727781
2271	0.006917807225
2272	0.006917053071
2273	0.006916725329
2274	0.006915200822
2275	0.006914723343
2276	0.00691247601
2277	0.006911038217
2278	0.006909835641
2279	0.006909003634
2280	0.0069063419
2281	0.006905785421
2282	0.006903708185
2283	0.006902957646
2284	0.006902458659
2285	0.006902049998
2286	0.006901403919
2287	0.006900077177
2288	0.006899588293
2289	0.006897882174
2290	0.006897414605
2291	0.006896659476
2292	0.006895408799
2293	0.006893842071
2294	0.006892829741
2295	0.006891864227
2296	0.006889127608
2297	0.006888285014
2298	0.006888071185
2299	0.006887213286
2300	0.006885998944
2301	0.006884683001
2302	0.006883958958
2303	0.006883386756
2304	0.006883122061
2305	0.006882686062
2306	0.006881645576
2307	0.006880938609
2308	0.006880030538
2309	0.006878088139
2310	0.006876409489
2311	0.006875199977
2312	0.00687424671
2313	0.00687345056
2314	0.006872969661
2315	0.006872608705
2316	0.006871067108
2317	0.006870521897
2318	0.006869381068
2319	0.006868565837
2320	0.006867861445
2321	0.006867068884
2322	0.006865154611
2323	0.006864577811
2324	0.006863603684
2325	0.006862613427
2326	0.00686194546
2327	0.006861452391
2328	0.00686044972
2329	0.006859093183
2330	0.006857731625
2331	0.006857173133
2332	0.006856575859
2333	0.006854521036
2334	0.006853639485
2335	0.006853168326
2336	0.00685230017
2337	0.006851330268
2338	0.006850666704
2339	0.006849448034
2340	0.006848947218
2341	0.00684862329
2342	0.006847428822
2343	0.006846848689
2344	0.006846245587
2345	0.006845161523
2346	0.006844649218
2347	0.006842631266
2348	0.006841079097
2349	0.006840243482
2350	0.006838764819
2351	0.006836737054
2352	0.006835915958
2353	0.006834097448
2354	0.006833215208
2355	0.00683213465
2356	0.006831687016
2357	0.006831139256
2358	0.006829982361
2359	0.006829460551
2360	0.006829024904
2361	0.006828676778
2362	0.006828067078
2363	0.006827810869
2364	0.006827080901
2365	0.006826697515
2366	0.006826091672
2367	0.006823964543
2368	0.006822625614
2369	0.006822000206
2370	0.006821646221
2371	0.006819154685
2372	0.00681860226
2373	0.006817540423
2374	0.00681648069
2375	0.006813596731
2376	0.006812889327
2377	0.006811148549
2378	0.006809194606
2379	0.006806186985
2380	0.006805776998
2381	0.006805083055
2382	0.006804009686
2383	0.006803504574
2384	0.00680263595
2385	0.006801082211
2386	0.00680054072
2387	0.00679892613
2388	0.006797732787
2389	0.006797074965
2390	0.006796484339
2391	0.006795608445
2392	0.006794207305
2393	0.006793416829
2394	0.006793042175
2395	0.00679064652
2396	0.006790034267
2397	0.006787876696
2398	0.006787511265
2399	0.006785239525
2400	0.006784649936
2401	0.00678250555
2402	0.006780117915
2403	0.006779882038
2404	0.006779116669
2405	0.006778526282
2406	0.006778119963
2407	0.006777749156
2408	0.006777332085
2409	0.006776174287
2410	0.006775148325
2411	0.006774791856
2412	0.006771168879
2413	0.006770753162
2414	0.006767730035
2415	0.006766109569
2416	0.006764674163
2417	0.006763871502
2418	0.006763379369
2419	0.006759807248
2420	0.006759127818
2421	0.006756955683
2422	0.006756349044
2423	0.006755332181
2424	0.006753954383
2425	0.006752282069
2426	0.006751692672
2427	0.006750498024
2428	0.006750287799
2429	0.006749292126
2430	0.006748748186
2431	0.006748257483
2432	0.006747844346
2433	0.006747065174
2434	0.006746773996
2435	0.006746153461
2436	0.00674516686
2437	0.006744512775
2438	0.006743853187
2439	0.006742929651
2440	0.006740844183
2441	0.006740484359
2442	0.0067392724
2443	0.006737993725
2444	0.00673710835
2445	0.006736072527
2446	0.006734707986
2447	0.00673360079
2448	0.006732581962
2449	0.00673183749
2450	0.006729802003
2451	0.006729113496
2452	0.006727688285
2453	0.006727002359
2454	0.006724977161
2455	0.006724043558
2456	0.00672278656
2457	0.006720608289
2458	0.006719028258
2459	0.006718426056
2460	0.006718068861
2461	0.006717064407
2462	0.006716729078
2463	0.006715525569
2464	0.006714775997
2465	0.006713004233
2466	0.006711892587
2467	0.006711429112
2468	0.006710667384
2469	0.006709895308
2470	0.006709038606
2471	0.006708322319
2472	0.006707865997
2473	0.006707396659
2474	0.006705601779
2475	0.006704717467
2476	0.006703180987
2477	0.006702754031
2478	0.006701822893
2479	0.006700140692
2480	0.006697633009
2481	0.006696887954
2482	0.006696572527
2483	0.006695911665
2484	0.006695448881
2485	0.006694895231
2486	0.006693912733
2487	0.006693497703
2488	0.006692874962
2489	0.006692429783
2490	0.006691582074
2491	0.006690924187
2492	0.006690529019
2493	0.006689551839
2494	0.006688986261
2495	0.006688460471
2496	0.006688123051
2497	0.006687746613
2498	0.006686751561
2499	0.006685843079
2500	0.006684934973
2501	0.006684405084
2502	0.006683207119
2503	0.006682818224
2504	0.006682537908
2505	0.006681027484
2506	0.006680209686
2507	0.006679128108
2508	0.006678552792
2509	0.006677993189
2510	0.006677513232
2511	0.0066768182
2512	0.006676452312
2513	0.006675948505
2514	0.00667544698
2515	0.006674565892
2516	0.006674050669
2517	0.00667321012
2518	0.006672272229
2519	0.006671148399
2520	0.006668586081
2521	0.006668206073
2522	0.006667871879
2523	0.006666126333
2524	0.006665074705
2525	0.006663649499
2526	0.006663126975
2527	0.006661697552
2528	0.006661326177
2529	0.006660304573
2530	0.00665928352
2531	0.006658924971
2532	0.006658084287
2533	0.006656909641
2534	0.00665545098
2535	0.006653593742
2536	0.006652508376
2537	0.006651916536
2538	0.00665132448
2539	0.006651021548
2540	0.006649864618
2541	0.00664806927
2542	0.00664785281
2543	0.00664632894
2544	0.006645687229
2545	0.006644124266
2546	0.006643889742
2547	0.00664345359
2548	0.006642097341
2549	0.006641734996
2550	0.00664071255
2551	0.006640195498
2552	0.006639892612
2553	0.006638108659
2554	0.006636933052
2555	0.006635618502
2556	0.006635010445
2557	0.006634396485
2558	0.006633707251
2559	0.006633034434
2560	0.0066326124
2561	0.00663168701
2562	0.006631195981
2563	0.006630178598
2564	0.006629160003
2565	0.006628302216
2566	0.006627292442
2567	0.006626328226
2568	0.006625499683
2569	0.006624541622
2570	0.006623287368
2571	0.006621508363
2572	0.006620026504
2573	0.006619171439
2574	0.006618191148
2575	0.006617415039
2576	0.006617079398
2577	0.00661543564
2578	0.00661322712
2579	0.006611079843
2580	0.006610356987
2581	0.006609339075
2582	0.00660844554
2583	0.006607020337
2584	0.006605434994
2585	0.00660477943
2586	0.006604465648
2587	0.006603894506
2588	0.00660091931
2589	0.006600621815
2590	0.006597853998
2591	0.006596929335
2592	0.006596324565
2593	0.006595073385
2594	0.006594322631
2595	0.006593309902
2596	0.006592521571
2597	0.006591617385
2598	0.006591192974
2599	0.006590731584
2600	0.006590499251
2601	0.0065901193
2602	0.006589197539
2603	0.006588708283
2604	0.006587983345
2605	0.006586879156
2606	0.00658595857
2607	0.006585297546
2608	0.006584325786
2609	0.006583769657
2610	0.006583366888
2611	0.006582269291
2612	0.00658191648
2613	0.006580540366
2614	0.006579982139
2615	0.006576793064
2616	0.006574548591
2617	0.006573961029
2618	0.006571592396
2619	0.006570512439
2620	0.006568109682
2621	0.006567085146
2622	0.006566280392
2623	0.006565649327
2624	0.006564961869
2625	0.006563827621
2626	0.006563585737
2627	0.006562877597
2628	0.00656165131
2629	0.006560717919
2630	0.006558294352
2631	0.006557327615
2632	0.006556884703
2633	0.006556380402
2634	0.006556130628
2635	0.006555737368
2636	0.006554986178
2637	0.006553562648
2638	0.006552092249
2639	0.006550512809
2640	0.006549639576
2641	0.006548116131
2642	0.006547369368
2643	0.006546593204
2644	0.00654620701
2645	0.006545039506
2646	0.006543846504
2647	0.00654296374
2648	0.006540924835
2649	0.006540454576
2650	0.006540263243
2651	0.006539652498
2652	0.006538589962
2653	0.006537653533
2654	0.006536759141
2655	0.006535848566
2656	0.006535415438
2657	0.006534571098
2658	0.006534125392
2659	0.006533871608
2660	0.006533610028
2661	0.006532155783
2662	0.00653080882
2663	0.006530328846
2664	0.006529689927
2665	0.006529234491
2666	0.006528458727
2667	0.006527488396
2668	0.006526579912
2669	0.006525616032
2670	0.006525315598
2671	0.006524933917
2672	0.006524437511
2673	0.006523809398
2674	0.00652353074
2675	0.006522267376
2676	0.006521732783
2677	0.006521032456
2678	0.006520055257
2679	0.006518425989
2680	0.006518093212
2681	0.006517237503
2682	0.006516260967
2683	0.006514860729
2684	0.006512837337
2685	0.006512512026
2686	0.006511483796
2687	0.006509065152
2688	0.006508592009
2689	0.006507802212
2690	0.006506455605
2691	0.006505041174
2692	0.006504036112
2693	0.00650145641
2694	0.00650089888
2695	0.006500389721
2696	0.006499284353
2697	0.00649878762
2698	0.006498548726
2699	0.006497873204
2700	0.006496805369
2701	0.006495780048
2702	0.006495215777
2703	0.006493885644
2704	0.006492919832
2705	0.006490217818
2706	0.006489543358
2707	0.006488992663
2708	0.006487723028
2709	0.00648711359
2710	0.006484610193
2711	0.006484284101
2712	0.006483864296
2713	0.006483107698
2714	0.006482264016
2715	0.006481912158
2716	0.006481114086
2717	0.006480644318
2718	0.006479517112
2719	0.006478978694
2720	0.006477957905
2721	0.006477359171
2722	0.006475934806
2723	0.006475246206
2724	0.006474851049
2725	0.006473627999
2726	0.006472917756
2727	0.006472535304
2728	0.006470907706
2729	0.006469357691
2730	0.006468866571
2731	0.006468435124
2732	0.006466624212
2733	0.006465919385
2734	0.006464574581
2735	0.006464337335
2736	0.006463847173
2737	0.006462849096
2738	0.006462043702
2739	0.006460304714
2740	0.00645980633
2741	0.00645841132
2742	0.006457571039
2743	0.006456827029
2744	0.006456178583
2745	0.006455688461
2746	0.006453377292
2747	0.006452923722
2748	0.006452224087
2749	0.006450512637
2750	0.006449177127
2751	0.006448365612
2752	0.006447513876
2753	0.00644610906
2754	0.006445425057
2755	0.006444600052
2756	0.006444391627
2757	0.006443532487
2758	0.006442051903
2759	0.006441414147
2760	0.006441001527
2761	0.006440659771
2762	0.006440183697
2763	0.006439464607
2764	0.006438935962
2765	0.006438402467
2766	0.006437729335
2767	0.00643586792
2768	0.006435442006
2769	0.006432855431
2770	0.006430769837
2771	0.006430441713
2772	0.006429580221
2773	0.006427100618
2774	0.006426172036
2775	0.006424918585
2776	0.006422878429
2777	0.006422227894
2778	0.006421702709
2779	0.006421431115
2780	0.006419641262
2781	0.006418472783
2782	0.006417771218
2783	0.006417416728
2784	0.006416541174
2785	0.006415234961
2786	0.006414800482
2787	0.006413576148
2788	0.006413149575
2789	0.006411758056
2790	0.006410885513
2791	0.006409497891
2792	0.006408897766
2793	0.006407851949
2794	0.006407167268
2795	0.00640654549
2796	0.006406081584
2797	0.00640531104
2798	0.006404897589
2799	0.00640232126
2800	0.006401918295
2801	0.006401271043
2802	0.006400814471
2803	0.006399683172
2804	0.006398968292
2805	0.006396551871
2806	0.006395131055
2807	0.006393270306
2808	0.006391923401
2809	0.006390257747
2810	0.006389436637
2811	0.006388576717
2812	0.006386980195
2813	0.006385047923
2814	0.006384162347
2815	0.006383641847
2816	0.006382582374
2817	0.006381715234
2818	0.00638049107
2819	0.006379998047
2820	0.006378258347
2821	0.006377579321
2822	0.006377343892
2823	0.006375470637
2824	0.006374426782
2825	0.006373774417
2826	0.006372595689
2827	0.006372290252
2828	0.006371574209
2829	0.006371056248
2830	0.006369327167
2831	0.006368812949
2832	0.00636810539
2833	0.006367523288
2834	0.006366050659
2835	0.006365697014
2836	0.006365059499
2837	0.006364595941
2838	0.006362235042
2839	0.00636131235
2840	0.006360998543
2841	0.006358291209
2842	0.006357190407
2843	0.006356803764
2844	0.006356162306
2845	0.006354757534
2846	0.006353255464
2847	0.006351978526
2848	0.006351305157
2849	0.00635013047
2850	0.006349059306
2851	0.006348224991
2852	0.006346697391
2853	0.006345555977
2854	0.00634484238
2855	0.006344208405
2856	0.006343317853
2857	0.00634266784
2858	0.006341710751
2859	0.006341069573
2860	0.006340303811
2861	0.006339690547
2862	0.006338218378
2863	0.006337715021
2864	0.006336523029
2865	0.006335953552
2866	0.006335339781
2867	0.006333217325
2868	0.006331714731
2869	0.006331310941
2870	0.006330781977
2871	0.006329006879
2872	0.006328394939
2873	0.006327532526
2874	0.006326275775
2875	0.006325360335
2876	0.006323726423
2877	0.00632294226
2878	0.006322655309
2879	0.006322413012
2880	0.006321223893
2881	0.006320801341
2882	0.006320484811
2883	0.006318459593
2884	0.006316462001
2885	0.006316283649
2886	0.00631557056
2887	0.006313679697
2888	0.006312540414
2889	0.006310447016
2890	0.006308819105
2891	0.006308340906
2892	0.006307834446
2893	0.006305751125
2894	0.006304578224
2895	0.006304112327
2896	0.006303597499
2897	0.00630293239
2898	0.006302395802
2899	0.006301965761
2900	0.006301618507
2901	0.006300300121
2902	0.006299673157
2903	0.006298815446
2904	0.006296920708
2905	0.006295801009
2906	0.006295621414
2907	0.006293910949
2908	0.006293332667
2909	0.006292152242
2910	0.006290259565
2911	0.006288962591
2912	0.006287766039
2913	0.006287258972
2914	0.00628692878
2915	0.00628568449
2916	0.006284310461
2917	0.006284118328
2918	0.006283490186
2919	0.006281967923
2920	0.006281482493
2921	0.006280929862
2922	0.006279892931
2923	0.006278684405
2924	0.006278315712
2925	0.006275250212
2926	0.006274297814
2927	0.006273914658
2928	0.006271911302
2929	0.006271531379
2930	0.006269937996
2931	0.006269482681
2932	0.006268777372
2933	0.006267326845
2934	0.006266716184
2935	0.006266070917
2936	0.006265184316
2937	0.006265012355
2938	0.006264754228
2939	0.006263807364
2940	0.006261716121
2941	0.006261019611
2942	0.006260153717
2943	0.006259842136
2944	0.006258786849
2945	0.006258638037
2946	0.006257158017
2947	0.006256927639
2948	0.006256417663
2949	0.006254964085
2950	0.006253630693
2951	0.006252787772
2952	0.006252179269
2953	0.006251904393
2954	0.006251350598
2955	0.006250817076
2956	0.006249980912
2957	0.006247868851
2958	0.006244583059
2959	0.006243558319
2960	0.006243386884
2961	0.006240706761
2962	0.006239264492
2963	0.006237895713
2964	0.0062371021
2965	0.006236001998
2966	0.006235017839
2967	0.006234836056
2968	0.006234732902
2969	0.006234250646
2970	0.00623001245
2971	0.006228877126
2972	0.006228397504
2973	0.006227866584
2974	0.006227578495
2975	0.006225219295
2976	0.006222983288
2977	0.006222017672
2978	0.006220959313
2979	0.006220214075
2980	0.006218739967
2981	0.006217412266
2982	0.006216209969
2983	0.00621584725
2984	0.006215408847
2985	0.006214627603
2986	0.006214240554
2987	0.006213416422
2988	0.006211895228
2989	0.006211692681
2990	0.00621050315
2991	0.006209671608
2992	0.006208671614
2993	0.006208104391
2994	0.006206638995
2995	0.006206212233
2996	0.006205899994
2997	0.006204587577
2998	0.006204241582
2999	0.006202569648
